<?xml version="1.0" encoding="UTF-8"?>
<!--
  HemSoft QoL - Gears Mod Settings
  
  This file integrates with the Gears mod settings framework to provide
  an in-game UI for configuring HemSoft QoL settings.
  
  Requires: Gears mod (https://github.com/s7092910/Gears)
-->
<ModSettings>
  <Global>
    <!-- Inventory Hotkeys Tab -->
    <Tab name="Hotkeys" displayKey="hemsoftqol_tab_hotkeys">
      
      <!-- Quick Stack Settings -->
      <Category name="QuickStack" displayKey="hemsoftqol_cat_quickstack" tooltipKey="hemsoftqol_cat_quickstack_tt">
        <Switch name="QuickStackEnabled" displayKey="hemsoftqol_enabled" tooltipKey="hemsoftqol_enabled_tt"
                value="true" defaultValue="true" leftValue="Off" rightValue="On" />
        <Selector name="QuickStackModifier" displayKey="hemsoftqol_modifier" tooltipKey="hemsoftqol_modifier_tt"
                  value="None" defaultValue="None" wrap="true">
          <Property type="arrayValues" allowedValues="None,LeftAlt,RightAlt,LeftControl,RightControl,LeftShift,RightShift" />
        </Selector>
        <Selector name="QuickStackKey" displayKey="hemsoftqol_key" tooltipKey="hemsoftqol_key_tt"
                  value="Q" defaultValue="Q" wrap="true">
          <Property type="arrayValues" allowedValues="Q,E,F,G,H,J,K,L,Z,X,C,V,B,N,M,Alpha1,Alpha2,Alpha3,Alpha4,Alpha5,Alpha6,Alpha7,Alpha8,Alpha9,Alpha0,F1,F2,F3,F4,F5,F6,F7,F8,F9,F10,F11,F12" />
        </Selector>
      </Category>
      
      <!-- Stash All Settings -->
      <Category name="StashAll" displayKey="hemsoftqol_cat_stashall" tooltipKey="hemsoftqol_cat_stashall_tt">
        <Switch name="StashAllEnabled" displayKey="hemsoftqol_enabled" tooltipKey="hemsoftqol_enabled_tt"
                value="true" defaultValue="true" leftValue="Off" rightValue="On" />
        <Selector name="StashAllModifier" displayKey="hemsoftqol_modifier" tooltipKey="hemsoftqol_modifier_tt"
                  value="LeftAlt" defaultValue="LeftAlt" wrap="true">
          <Property type="arrayValues" allowedValues="None,LeftAlt,RightAlt,LeftControl,RightControl,LeftShift,RightShift" />
        </Selector>
        <Selector name="StashAllKey" displayKey="hemsoftqol_key" tooltipKey="hemsoftqol_key_tt"
                  value="X" defaultValue="X" wrap="true">
          <Property type="arrayValues" allowedValues="Q,E,F,G,H,J,K,L,Z,X,C,V,B,N,M,Alpha1,Alpha2,Alpha3,Alpha4,Alpha5,Alpha6,Alpha7,Alpha8,Alpha9,Alpha0,F1,F2,F3,F4,F5,F6,F7,F8,F9,F10,F11,F12" />
        </Selector>
      </Category>
      
      <!-- Restock Settings -->
      <Category name="Restock" displayKey="hemsoftqol_cat_restock" tooltipKey="hemsoftqol_cat_restock_tt">
        <Switch name="RestockEnabled" displayKey="hemsoftqol_enabled" tooltipKey="hemsoftqol_enabled_tt"
                value="true" defaultValue="true" leftValue="Off" rightValue="On" />
        <Selector name="RestockModifier" displayKey="hemsoftqol_modifier" tooltipKey="hemsoftqol_modifier_tt"
                  value="LeftAlt" defaultValue="LeftAlt" wrap="true">
          <Property type="arrayValues" allowedValues="None,LeftAlt,RightAlt,LeftControl,RightControl,LeftShift,RightShift" />
        </Selector>
        <Selector name="RestockKey" displayKey="hemsoftqol_key" tooltipKey="hemsoftqol_key_tt"
                  value="R" defaultValue="R" wrap="true">
          <Property type="arrayValues" allowedValues="Q,E,F,G,H,J,K,L,Z,X,C,V,B,N,M,Alpha1,Alpha2,Alpha3,Alpha4,Alpha5,Alpha6,Alpha7,Alpha8,Alpha9,Alpha0,F1,F2,F3,F4,F5,F6,F7,F8,F9,F10,F11,F12" />
        </Selector>
      </Category>
      
      <!-- Sort Container Settings -->
      <Category name="SortContainer" displayKey="hemsoftqol_cat_sortcontainer" tooltipKey="hemsoftqol_cat_sortcontainer_tt">
        <Switch name="SortContainerEnabled" displayKey="hemsoftqol_enabled" tooltipKey="hemsoftqol_enabled_tt"
                value="true" defaultValue="true" leftValue="Off" rightValue="On" />
        <Selector name="SortContainerModifier" displayKey="hemsoftqol_modifier" tooltipKey="hemsoftqol_modifier_tt"
                  value="None" defaultValue="None" wrap="true">
          <Property type="arrayValues" allowedValues="None,LeftAlt,RightAlt,LeftControl,RightControl,LeftShift,RightShift" />
        </Selector>
        <Selector name="SortContainerKey" displayKey="hemsoftqol_key" tooltipKey="hemsoftqol_key_tt"
                  value="S" defaultValue="S" wrap="true">
          <Property type="arrayValues" allowedValues="Q,E,F,G,H,J,K,L,Z,X,C,V,B,N,M,Alpha1,Alpha2,Alpha3,Alpha4,Alpha5,Alpha6,Alpha7,Alpha8,Alpha9,Alpha0,F1,F2,F3,F4,F5,F6,F7,F8,F9,F10,F11,F12" />
        </Selector>
      </Category>
      
      <!-- Sort Inventory Settings -->
      <Category name="SortInventory" displayKey="hemsoftqol_cat_sortinventory" tooltipKey="hemsoftqol_cat_sortinventory_tt">
        <Switch name="SortInventoryEnabled" displayKey="hemsoftqol_enabled" tooltipKey="hemsoftqol_enabled_tt"
                value="false" defaultValue="false" leftValue="Off" rightValue="On" />
        <Selector name="SortInventoryModifier" displayKey="hemsoftqol_modifier" tooltipKey="hemsoftqol_modifier_tt"
                  value="LeftAlt" defaultValue="LeftAlt" wrap="true">
          <Property type="arrayValues" allowedValues="None,LeftAlt,RightAlt,LeftControl,RightControl,LeftShift,RightShift" />
        </Selector>
        <Selector name="SortInventoryKey" displayKey="hemsoftqol_key" tooltipKey="hemsoftqol_key_tt"
                  value="M" defaultValue="M" wrap="true">
          <Property type="arrayValues" allowedValues="Q,E,F,G,H,J,K,L,Z,X,C,V,B,N,M,Alpha1,Alpha2,Alpha3,Alpha4,Alpha5,Alpha6,Alpha7,Alpha8,Alpha9,Alpha0,F1,F2,F3,F4,F5,F6,F7,F8,F9,F10,F11,F12" />
        </Selector>
      </Category>
      
    </Tab>
    
    <!-- Info Panel Tab -->
    <Tab name="InfoPanel" displayKey="hemsoftqol_tab_infopanel">
      
      <Category name="PanelElements" displayKey="hemsoftqol_cat_elements" tooltipKey="hemsoftqol_cat_elements_tt">
        <Switch name="ShowLevel" displayKey="hemsoftqol_show_level" tooltipKey="hemsoftqol_show_level_tt"
                value="true" defaultValue="true" leftValue="Hide" rightValue="Show" />
        <Switch name="ShowGamestage" displayKey="hemsoftqol_show_gamestage" tooltipKey="hemsoftqol_show_gamestage_tt"
                value="true" defaultValue="true" leftValue="Hide" rightValue="Show" />
        <Switch name="ShowLootstage" displayKey="hemsoftqol_show_lootstage" tooltipKey="hemsoftqol_show_lootstage_tt"
                value="true" defaultValue="true" leftValue="Hide" rightValue="Show" />
        <Switch name="ShowDay" displayKey="hemsoftqol_show_day" tooltipKey="hemsoftqol_show_day_tt"
                value="true" defaultValue="true" leftValue="Hide" rightValue="Show" />
        <Switch name="ShowBloodMoon" displayKey="hemsoftqol_show_bloodmoon" tooltipKey="hemsoftqol_show_bloodmoon_tt"
                value="true" defaultValue="true" leftValue="Hide" rightValue="Show" />
        <Switch name="ShowKills" displayKey="hemsoftqol_show_kills" tooltipKey="hemsoftqol_show_kills_tt"
                value="true" defaultValue="true" leftValue="Hide" rightValue="Show" />
        <Switch name="ShowNearestEnemy" displayKey="hemsoftqol_show_enemy" tooltipKey="hemsoftqol_show_enemy_tt"
                value="true" defaultValue="true" leftValue="Hide" rightValue="Show" />
      </Category>
      
    </Tab>
    
  </Global>
</ModSettings>
